,date,username,tweet,nlikes
0,2022-04-30 06:51:08,Arief_2792,"@henrysubiakto Agama aja sering mereka gunakan untuk menggagalkan peraturan2 yg progresif, sprt Permendikbud penghapusan kekerasan seksual",1
1,2022-04-30 06:48:37,hanifandiskyad1,"@shabrinaf_ Bukan karena saya membela feminisme, melainkan ada beberapa hal. Banyak netizen yg masih memahami feminisme sebatas pada kesetaraan gender dan perlawanan pada kekerasan seksual, bukan pembelaan pada L***",0
2,2022-04-30 06:20:16,Arief_2792,@pengarang_sajak Bebas kekerasan seksual juga serta sex education nya bagus,1
3,2022-04-30 06:11:38,Arief_2792,"@henrysubiakto @aniesbaswedan itu pdhl moderat ke liberal, buktinya aja dia bikin aturan anti kekerasan seksual di lingkungan @DKIJakarta. Kalo beliau kanan mentok konservatif kek @PKSejahtera, mana mungkin bikin gituan, kan katanya ""mElEgAlKaN zInA &amp; sEkS bEbAs""",0
4,2022-04-30 06:10:58,Arief_2792,"@HukumDan @aniesbaswedan itu pdhl moderat ke liberal, buktinya aja dia bikin aturan anti kekerasan seksual di lingkungan @DKIJakarta. Kalo beliau kanan mentok konservatif kek @PKSejahtera, mana mungkin bikin gituan, kan katanya ""mElEgAlKaN zInA &amp; sEkS bEbAs""",0
5,2022-04-30 05:22:38,airisk_,@tvindonesiawkwk Kalo cewe jual video syur cepet banget nangkepnya tapi kalo cowo pelaku kekerasan seksual dan para koruptor kok lama banget ya prosesnyaüßêüòû,10
6,2022-04-30 04:20:51,generasi1998,"Kadang sedih bgt, masih banyak perempuan yang masih buat konten tiktok ga jelas dgn tema ‚Äòmelecehkan dirinya sendiri‚Äô.  Sungguh ironi mengingat gimana perjuangan susahnya RUU TPKS (rancangan undang-undang tindak pidana kekerasan seksual) untuk di‚Äôsah‚Äôkan :‚Äù(  Kenapa sih :(",0
7,2022-04-30 04:15:00,idntimes,"A (23) adalah penyintas korban percobaan kekerasan seksual di Surabaya yang berhasil melarikan diri dari aksi bejat pelaku, yang merupakan temannya sendiri. Kejadian melarikan diri dari pelaku ini, terjadi pada 10 April 2022 lalu. Berikut ceritanya.   https://t.co/Wxc22rnSWt",0
8,2022-04-30 04:10:30,tudungsaaji,"@scrxnb UU TPKS udah bisa digunakan buat menjerat pelaku kekerasan seksual gasi guys? soalnya pernah baca seingetku kalo kejadiannya cuma ada pelaku dan korban itu juga di atur di UU itu, seenggaknya mungkin kakaknya sender dapat layanan pemulihan. miris bgt kalo kaya gini ga ditindak.",0
9,2022-04-30 04:07:11,tudungsaaji,"Di UU TPKS seingetku ada di atur jenis kekerasan seksual kaya gini deh, yg mana kejadiannya cuma ada pelaku dan juga korban. semoga mendapatkan keadilan buat kakaknya sender",0
10,2022-04-30 01:03:06,eLAmaravati,"Gak heran banyak anak yang diam ketika mengalami kekerasan/kekerasan seksual dari orang tuanya. Gue baru bilang gak harmonis ama ibu aja banyak yang salty. Kalian tinggal di dunia bagian mana, sih, sampai menganggap bahwa orang tua adalah berhala yang harus dipuja-puja?",18
11,2022-04-30 00:56:07,Jonibn11,"Puan menegaskan, implementasi UU TPKS nantinya akan dapat menghadapi dan menyelesaikan kasus-kasus kekerasan seksual",0
12,2022-04-30 00:55:54,Jonibn11,"‚ÄúUU TPKS adalah hasil kerja bersama sekaligus komitmen bersama kita, untuk menegaskan bahwa di Indonesia tidak ada tempat bagi kekerasan seksual,‚Äù  --Puan Maharani",0
13,2022-04-30 06:55:55,jawuwawy,"@andreasharsono Sama kaya di kampus saya, korban pelecehan seksual justru dapat sanksi tidak dapat pelayanan akademik selama 2 semester, alasannya karena dia dianggap bersalah mau diajak bertemu laki-laki di malam hari. Sangat lucu ketika korbannya justru ikut dapat sanksi",2
14,2022-04-30 06:52:52,hanifandiskyad1,"@shabrinaf_ Hakikatnya, Islam juga menenkankan pada kesetaraan gender (melawan patriarki Arab-Quraisy) dan melarang keras pelecehan seksual. Nah, mereka masih memahami bahwa feminisme sejalan dg Islam karena hal ini, padahal banyak konsep lainnya yg bertentangan",1
15,2022-04-30 06:45:57,Gitgutgotta,Reply nya byk juga yg udh jadi korban pelecehan seksual begini‚Ä¶ takut,1
16,2022-04-30 06:34:05,lndomigoreng,"Iki koncoku kenek pelecehan seksual, hah dan seng lanang iki wes tuek cok, goblok gak seh, tuek tapi gak ngrumangsani tuek, lah korbane gak wani speak up ng keluargane, lanange y tau nggudo adekku, mari tak ilokno¬≤no, tak kiro gak se brutal iku, adakno lebih dari brutal anjing..",7
17,2022-04-30 06:33:31,detikhot,"Iqlima Kim akui dirinya menjadi korban pelecehan seksual Hotman Paris. Tak peduli gertakan Hotman, dia tegas layangkan somasi.  https://t.co/nihvXx2aAX",2
18,2022-04-30 06:20:25,CommuterLine,Kenali juga bentuk-bentuk pelecehan seksual agar kita tidak menjadi korbannya dan tahu ketika ada Rekan Commuters yang sedang mengalaminya. Segera laporkan kepada petugas di stasiun maupun kereta apabila melihat tindakan-tindakan yang mencurigakan. |2  https://t.co/EIQ93Xyo4R,5
19,2022-04-30 06:20:24,CommuterLine,"#RekanCommuters Mari saling peduli kepada sesama pengguna saat berada di transportasi publik. Pelecehan seksual dapat kita cegah bersama dengan selalu waspada terhadap apa yang terjadi di sekitar kita, dan tidak ragu untuk melakukan intervensi saat melihat tanda-tandanya. |1  https://t.co/Wek0eVreUT",6
20,2022-04-30 06:07:20,topinfo_id,Hotman Paris Bantah Lakukan Pelecehan¬†Seksual  https://t.co/l5Jw9ackMF,1
21,2022-04-30 06:04:54,CNNIndonesia,Hotman Paris Bantah Lakukan Pelecehan Seksual  https://t.co/o0lZxdlUYg,7
22,2022-04-30 05:36:17,apasiikamutu,"@akumaunyakamuu @Askrlfess mjb, dia pelaku pelecehan seksual   https://t.co/oHG6AocH9z",1
23,2022-04-30 05:35:50,apasiikamutu,"@casisasar @Askrlfess mjb, itu pelaku pelecehan seksual kak  https://t.co/oHG6AocH9z",3
24,2022-04-30 05:26:23,id_tagar,Perang Hotman Paris Vs Iqlima Kim dalam Kasus Pelecehan Seksual  https://t.co/vcyN51E1iF,1
25,2022-04-30 05:26:05,panggil4n,"@hakxnhan @martsha_ca @AREAJULID -ing gak terjadi kasus pelecehan seksual? kalo udah terjadi baru ditindak? gitu maksud anda ya. Masuk akal, tapi tidak memberikan solusi yang cukup baik untuk dapat dikatakan sebagai salah satu usaha untuk memutus/mengurangi potensi rantai pelecehan",2
26,2022-04-30 05:21:00,kompascom,"Pengacara Hotman Paris Hutapea membantah tuduhan yang menyebutkan bahwa dirinya pernah melakukan pelecehan seksual terhadap mantan asisten pribadinya, Iqlima Kim. / #Megapolitan #JernihkanHarapan   https://t.co/7A3097e7oI",3
27,2022-04-30 05:19:40,EngkusAbdurahm1,@detikcom Ketika engkau mau terima tawaran jadi asprinya Hotman artinya engkau sudah siap menerima segala konsekwensinya. Lah sekarang malah koar2 kalau engkau mendapat perlakuan/pelecehan seksual. Iki piye toh ndukü§£ü§£ü§£,1
28,2022-04-30 05:08:55,holahaloble,"Demi Allah ko banyak bgt pelecehan seksual sih ü•≤ apa ya kek orang2 norak bgt dah pikirannya...kayak... Apalagi sm yg ""ya lagi bajunya kebuka""... Mksdnya kek lu norak banget anjir kek gaperna liat org aja tae",1
29,2022-04-30 05:07:49,bayuwcs,"@JamesDof @Askrlfess beda konteks bambanggg, klo ini pelecehan seksual, ada jelas aturan uu nya.. kegiatan yg melanggar hukum.. jgn disamakan, yakali lu lagi me time sm keluarga lu samaain sama lu lagi colay on the rail üòí",12
30,2022-04-30 05:07:02,jpnncom,Pengacara kondang Hotman Paris memberi tanggapan setelah dirinya dituduh melakukan pelecehan seksual terhadap perempuan bernama Iqlima Kim. #HotmanParis  https://t.co/xbJeh48RnF,1
31,2022-04-30 05:03:21,nagatauww,"Kayaknya emang bener ya masih banyak pikiran2 kolot kalo ada tindakan pelecehan seksual pasti nyalahin korban dulu, langsung labelling korban yg ngga2, kebiasaan judgemental sampe nganggep kalo masalah kaya gitu tu lumrah buat sering terjadi. Hadu,memang suka ga abis thinking dah",2
32,2022-04-30 05:00:57,SINDOnews,"Bantah Lakukan Pelecehan Seksual, Hotman Paris Bongkar Sosok Iqlimah Kim   #Sindonews #BukanBeritaBiasa . https://t.co/wgzIRAhWqx",3
33,2022-04-30 05:00:51,nagatauww,"Siapapun itu deh, mau gendernya lanang kek wadon kek usia berapapun ya emang namanya tindakan pelecehan seksual emang gapantes dan biadab, dan gada satupun orang yg mau buat jadi korbannya. Kata2 udah siap dilecehkan kayaknya jahat banget apalagi dilontarkan buat korban.",1
34,2022-04-30 04:57:50,RzqiArisandii,"@detikcom Bukan ga mau membela korban pelecehan seksual, tapi saya heran kenapa kamu masih mau jadi asprinya padahal kita semua udah liat bagaimana dia memperlakukan wanita.",0
35,2022-04-30 04:57:31,nagatauww,"ga sengaja baca berita kalo hotman paris melakukan pelecehan seksual sm asprinya, di kolom komen portal beritanya ada yg bilang ""harusnya udah tau dong klo jadi asprinya dia udah siap untuk dilecehkan"". Kayak hah anjg? Gada satupun perempuan yg siap untuk dilecehkan ya.",1
36,2022-04-30 04:48:47,ujeudda,"@Askrlfess Nder saran aja ya ini mah, gak semua orang tau konteksnya apa dan gak semua orang bisa liat yg berdarah2 gitu. Jadi tolong kalo kirim mf tuh pake konteks &amp; TW.   Buat yg gatau, dia tuh pelaku pelecehan seksual. Buat lbh jelasnya nih link thread nya.    https://t.co/JsbduWvuTS",2
37,2022-04-30 04:39:57,vireidity,pelaku pelecehan seksual ada di kasta terendah stratifikasi makhluk hidup dan makhluk halus combined,1
38,2022-04-30 04:34:56,PrimaSlinger,@tvindonesiawkwk Ketika ngurus kasus korupsi dan pelecehan seksual  https://t.co/XxeMwDjnGU,1
39,2022-04-30 04:13:24,diahayu__L,@wakaraanaii @tanyakanrl Gak juga sih untuk bagian ini. Karna aku pernah kena pelecehan seksual ketika pake baju seragam sekolah yang bener-bener longgar &amp; itu gak terjadi sekali aja :),5
40,2022-04-30 04:09:43,topinfo_id,"Hotman Paris Disomasi Mantan Aspri atas Dugaan Pelecehan Seksual, Iqlima Kim Terancam Dilapor¬†Balik  https://t.co/ql09L5t83z",1
41,2022-04-30 03:56:33,wufley,"@mocca1202 @mhmdpikri18 @awwgie @ManusiaBiawak @CommuterLine ini bener. tiap ada kejadian kek gini selalu ""harus nya tuh harusnya tuh blbalbala""  kek kejadian pelecehan seksual, korbannya ngefreeze ga bisa berontak, isi rep nya malah ""harusnya cewe tuh belajar bela diri biar ga diem aja digituin"" PUKIMAK",28
42,2022-04-30 03:52:07,Info9019,"@scrxnb Dalam Pasal 184 KUHAP ada 5 barang bukti, keterangan saksi, keterangan ahli, surat dari tempat kerja, petunjuk, keterangan terdakwa. Ada 4 barang bukti yg dapat di ajukan tindakan pidana pelecehan seksual kecuali petunjuk.",3
43,2022-04-30 03:34:45,indeksncom,Terungkap! Anggota DPRD Ini Ditangkap Setelah 2 Tahun Lakukan Pelecehan¬†Seksual  https://t.co/y5Z7r4FNLV,1
44,2022-04-30 03:20:31,1nserttranstv,Pengakuan Adik Barbie Hsu Alami Pelecehan Seksual dari Artis Senior  https://t.co/EY6srQt5AF,2
45,2022-04-30 03:20:02,jpnncom,Pengacara kondang Hotman Paris diduga melakukan pelecehan seksual terhadap mantan asisten pribadinya bernama Iqlima Kim #Hotmanparis  https://t.co/oAPzLrWB2H,3
46,2022-04-30 03:15:16,Joglosemarnews,"Usai Dilaporkan di Polres Sragen, Pengacara Kondang Hotman Paris Diduga Lakukan Pelecehan Seksual ke Artis Cantik Ini  https://t.co/UWx35mesJf",1
47,2022-04-30 03:10:03,jpnncom,"Bantah tudingan pelecehan seksual terhadap wanita yang mengaku mantan asisten pribadinya itu, Hotman Paris akan laporkan Iqlima Kim dan pengacara #Hotmanparis  https://t.co/6P2jWKHhgN",2
48,2022-04-30 02:24:35,royaldetective,asli kasus pelecehan seksual di kantor yg gue baca sampe saat ini semuanya serem serem banget,1
49,2022-04-30 02:19:03,idnsee_com,"Setelah Dua Tahun, Anggota DPRD di Papua Ditangkap Atas Dugaan Pelecehan Seksual  https://t.co/ISV3bvWZK7 #Terbaru #anggota #atas #ditangkap #dprd",1
50,2022-04-30 02:15:43,heihugmee,@scrxnb Korban pelecehan seksual itu adalah buktinya mba,1
51,2022-04-30 02:10:09,21BeritaTerkini,"Setelah Dua Tahun, Anggota DPRD di Papua Ditangkap Atas Dugaan Pelecehan Seksual  https://t.co/rGUSMKumLB",1
52,2022-04-30 02:10:08,mediamonitor21,"Setelah Dua Tahun, Anggota DPRD di Papua Ditangkap Atas Dugaan Pelecehan Seksual  https://t.co/zhdRUJiB8z",1
53,2022-04-30 02:06:06,beridotid,"Kasus dugaan pelecehan seksual terjadi di dalam kampus Universitas Mulawarman (Unmul). Kasus ini mencuat ketika mahasiwa dari berbagai elemen menggeruduk rektoran unmul pada Kamis, (28/04/22).   https://t.co/PIhpKkMcQt  https://t.co/EeRCW6eO5Q",3
54,2022-04-30 01:51:43,Esterchaterines,Pelaku pelecehan seksual,1
55,2022-04-30 01:22:17,ArintaSetia,@eLAmaravati Semisal pada kasus pelecehan seksual yang dilakukan seorang ayah terhadap putrinya sehingga bikin trauma. Lantas pas nikah apakah ayahnya ini masih pantas jadi wali nikah (jika muslim)?  Kasus2 kayak gini nggilani sih,1
56,2022-04-30 01:22:03,kbe_2014,Inilah Sosok Iqlima Kim Wanita Cantik yang Ngaku Jadi Korban Pelecehan Seksual Hotman Paris  https://t.co/sjkbdgljvp,1
57,2022-04-30 01:09:33,merdekadotcom,"Setelah Dua Tahun, Anggota DPRD di Papua Ditangkap Atas Dugaan Pelecehan Seksual  https://t.co/JIUIobXM6E",3
58,2022-04-30 01:04:13,Info9019,"@scrxnb Hallo kak @scrxnb kalau memang kirang sebanding, saya kira banyak jalur yang bisa di tempuh, dan saya kira UU pelecehan seksual baru saja di ketuk palu.. hanya saran, coba lapor ke serikat buruh di wilayah setempat, biar bisa dibantu jalur hukum.",3
59,2022-04-30 00:32:03,bacautas,"Haloo @ursaturn_ üòÉüëã Selamat membaca! ""MAU SPILL PELECEHAN SEKSUAL YANG DIALAMIN KAKAK AKU DI KANTORNYA...""  https://t.co/aG1ScobflI",1
60,2022-04-30 00:25:55,jaja9888,"@catitaliste @xathrya Sempat progresif di tahun 50-70an masuk tahun 80an dengan maraknya gerakan yg mengklaim membawa revivalist islam mulai deh balik blangsak, tengok mesir, mesir identik dengan negara dengan tingkat pelecehan seksual terhadap perempuan yang tinggi,",27
61,2022-04-30 00:25:18,peachrsdef,laugh in that dosen kasus pelecehan seksual,1
62,2022-04-30 00:05:23,jualkelapamuda,"ada yg absurd, w pernah baca au yg pelecehan seksual gini, dan di cerita itu besoknya si korban bunuh diri dan arwahnya mlh blg thank you ke si pelaku krn dia jg emg gamau hidup.. lgsg w block anjr",1
63,2022-04-29 23:54:33,happymasterkt," https://t.co/8PikPbNvLg Disomasi Iqlima Kim dengan Tuduhan Pelecehan Seksual, Ini Jawaban Hotman Paris - detikHot  https://t.co/tyRYJ6H4e5  https://t.co/cTRyktaMxC",1
64,2022-04-29 23:47:32,CacatDiJiwaa,"@JamesDof @Askrlfess itu pelecehan seksual, kalo untuk barang bukti ya bisa aja. gila aja coli diruang publik masih bawa-bawa privasi, kelakuannya aja udah bisa dipidana.",2
65,2022-04-29 23:44:55,kopipolitik1,Artis Doctor Strange Zara Phythian Dituduh Lakukan Pelecehan Seksual pada Anak 13 Tahun  https://t.co/igWhWFUFtg,1
66,2022-04-29 23:42:56,cyerealll,wdym rt thread pelecehan seksual tp setelahnya rt video revenge porn....,1
67,2022-04-29 23:40:05,news_wanheart,"PANAS! Bantah Lakukan Pelecehan Seksual, Hotman Paris Segera Laporkan Iqlima Kim  https://t.co/8qYFMXLkmv",1
68,2022-04-29 23:39:48,faizahkilalakum,"Sebelum RUUPKS di sahkan banyak skali terjadi pelecehan seksual baik yg nampak maupun tdk nampak di media. Klu hanya wakil negara yg koar koar doang mana nyampe di masyarakat keseluruhan, musti ada penggerak untuk memutus tali kekerasan seksual itu. Orang2 yg peduli salah satunya",1
69,2022-04-29 23:38:18,news_wanheart,"Dugaan Pelecehan Seksual dari Hotman Paris, Iqlima Kim Ngaku Diajak Ciuman hingga Tidur Bareng  https://t.co/Oy53o3L1pe",1
70,2022-04-29 23:32:46,sabotasec,"@sigit_ngapak @rfshaa_ @scrxnb kalau untuk bagian perempuan agar bisa lebih menjaga dirinya sendiri dengan mempelajari bela diri, itu memang benar. tapi, laki-laki juga harus ikut serta menundukan pandangannya. semuanya harus ikut andil dalam pencegahan kasus pelecehan seksual.",58
71,2022-04-29 23:31:08,Freyyyyaaaaaa,"kalo ngmgin pelecehan seksual di tmpt kerja, yg dilakuin mas r****l termasuk pelecehan gasiiiiiih @Alif_arsenal @yspgw mba puttt",1
72,2022-04-29 23:10:32,SupirPete2,"Hotman Paris Diduga Lakukan Pelecehan Seksual, Iqlima Kim: Begitu Menolak, Dimaki-maki #HotmanParis via @jpnncom  https://t.co/IQe6XaAo6v",2
73,2022-04-29 23:08:53,syaztal,kiri kanan ku lihat saja banyak pelecehan seksualüòîüôèüèº,1
74,2022-04-29 22:53:27,serambinews,"Artis sinetron bernama Iqlima Kim, mengaku mengalami pelecehan seksual dari pengacara kondang Hotman Paris Hutapea.   https://t.co/OhIZDSVxAk",2
75,2022-04-29 22:49:10,duitbansos,"""cewe sangean scare the shit outta me, itu knp w putus sama mantan gw, dia pernah coba raba raba paha dan maksa mau melorotin resleting celana gw, tp ya klo gw spill ini sbg tindakan pelecehan seksual, masyarakat apa bakal dukung gw?? malah yg ada ntar gw dikatain homo lu ye-",1
76,2022-04-29 22:41:01,karawang_online,Sosok Iqlima Kim Wanita Cantik yang Ngaku Jadi Korban Pelecehan Seksual Hotman Paris  https://t.co/p6BWgDgbKY,2
77,2022-04-29 22:40:49,karawang_online,"Tak Terima Dituding Lakukan Pelecehan Seksual, Hotman Paris Mau Polisikan Iqlima Kim dan Pengacaranya  https://t.co/rDlpZGn09O",2
78,2022-04-29 22:40:29,flowmeong,"W pernah anjing, kena pelecehan seksual dijalan sama temen w. Jadi ceritanya habis nongkrong pulang jam 11 an malem, biasanya di smg tu jam segitu masih rame di jalan, kebetulan malem itu sepi. Singkat cerita ni cowo kontol awalnya w sama temen ngiranya ojol yg kesasar kan nah -",1
79,2022-04-29 22:39:20,SINDOnews,Artis Doctor Strange Zara Phythian Dituduh Lakukan Pelecehan Seksual pada Anak 13 Tahun   #Sindonews #BukanBeritaBiasa . https://t.co/wVEIFM3LLK,1
80,2022-04-29 22:29:40,ahserea,"bebal, hamba do'ain anda ataupun keluarga anda gada yang jadi penyintas pelecehan seksual. Soalnya traumanya seumur hidup :)",0
81,2022-04-29 22:29:05,OposisiCerdas,"Dugaan Pelecehan Seksual dari Hotman Paris, Iqlima Kim Ngaku Diajak Ciuman hingga Tidur Bareng  https://t.co/0HslBGbOjn",36
82,2022-04-29 22:26:49,fallinsunshine_,"@trilukffialwsn Yg lelucon itu justru cukup dgn satu slide ini untuk menunjukkan bagaimana blundernya admin akun feminis ybs. ‚ú®Kasus‚ú® yg diperdebatkan ini menyangkut seseorang yg ""main-main"" jadi cewek demi konten‚Äîyg memang bukan kekerasan seksual, tapi bisa dikategorikan pelecehan. Jelas klo‚Äî",2
83,2022-04-29 22:26:45,selfiathefirst,"@convomf Nder, kalau kamu gak nyaman, itu termasuk pelecehan seksual lhoo..",1
84,2022-04-29 22:21:09,kbe_2014,"Tak Terima Dituding Lakukan Pelecehan Seksual, Hotman Paris Mau Polisikan Iqlima Kim dan Pengacaranya  https://t.co/YXneIwtm6C",1
85,2022-04-29 22:21:03,kbe_2014,"Iqlima Kim Ngaku Pernah Jadi Korban Pelecehan Seksual Hotman Paris, Wawww‚Ä¶.!  https://t.co/pJBiKSiyht",1
86,2022-04-29 22:16:05,heriwebcom,Iqlima Kim Mantan Aspri Hotman Paris Akui Alami Pelecehan Seksual di Dalam¬†Mobil  https://t.co/Gy5USzUcrg,1
87,2022-04-29 22:14:26,detikhot,Iqlima Kim mengaku menyesal pernah menjadi asisten pribadi Hotman Paris lantaran dirinya mengaku telah mendapatkan pelecehan seksual dari pengacara kondang tersebut.  https://t.co/EfJTe4w5Tb,1
88,2022-04-29 22:07:22,pinkbutgreen,"Kalo kalian mau bahas relevansi antara pakaian tertutup dan tidak tertutup dengan kasus pelecehan seksual, lebih baik baca yang ini.  Pelaku salah, dan nggak ada dalih buat membenarkan.   https://t.co/G3k9WNPnnt",2
89,2022-04-29 22:02:44,suaraindonews_,Pengancara Nyentrik Hotma Paris Hutapea Diduga Lakukan Pelecehan Seksual terhadap Mantan¬†Asprinya  https://t.co/0ZGRU7gigB,1
90,2022-04-29 22:02:36,topinfo_id,"Iqlima Kim Somasi Hotman Paris soal Dugaan Pelecehan Seksual, Kini Terancam Dilaporkan¬†Balik  https://t.co/LtJeqAEhYV",1
91,2022-04-29 21:58:09,portalyogya,"Mantan Aspri Hotman Paris, Iqlima Kim mengaku mengalami pelecehan seksual yang diduga dilakukan oleh mantan bosnya.Berikut profil Iqlima Kim.  #portalyogya    https://t.co/soDpRik6lj",1
92,2022-04-29 21:50:28,vijhagstd,INI NAMANYA PELECEHAN SEKSUAL HER. ISTIGHFAR LU BANGKOTAN,1
93,2022-04-29 21:47:36,AthiaMu,"@robbyardi13 @SeputarTetangga Orang kalo udah punya penyimpangan seksual, ga kenal tempat bang :( Mau sesopan apapun orang berpakaian, mau laki-laki atau perempuan, ngga menjadi jaminan aman dr pelecehan:( Semoga selalu dilindungi dr hal-hal seperti ini deh",7
94,2022-04-29 21:45:22,wolipop,#Terpopuler Drama Korea Shooting Stars dituding telah menggambarkan Afrika secara rasis dan menampilkan adegan pelecehan seksual. Seperti apa?  https://t.co/P5HYUD9Re7,2
95,2022-04-29 21:36:05,intipseleb,"Sanggah Tuduhan Pelecehan Seksual, Hotman Paris: Itu Tidak Benar  https://t.co/her8Ckj4Ao  https://t.co/BhlbQzhQ79",1
96,2022-04-29 21:32:55,alleshutapea,"Jika benar Iqlima Kim alami pelecehan seksual dari pengacara kondang¬†Hotman Paris Hutapea.Maka saran saya kepada Iqlima Kim agar SEGERA LAPOR si HOTMAN PARIS HUTAPEA ini Ke Polda Metro Jaya!Jangan hanya banyak bacot di Medsos!Setelah Keluar sebagai Aspri langsung Nyanyi,PARAH!",1
97,2022-04-29 21:32:27,detikcom,Iqlima Kim mengaku menyesal pernah menjadi asisten pribadi Hotman Paris lantaran dirinya mengaku telah mendapatkan pelecehan seksual dari pengacara kondang tersebut.   https://t.co/JRwJCoJ6PG,13
98,2022-04-29 21:28:26,portalyogya,"Mantan aspri Hotman Paris, Iqlima Kim mengaku mengalami pelecehan seksual yang diduga terjadi di mobil Hotman Paris. Ini kronologinya.  #portalyogya    https://t.co/9VksKaM8gu",1
99,2022-04-29 21:26:13,Lofaca0,"@abykurniawannn Hai! Itu dia berkata kasar karena dia udh hampir nyerah dan dia mungkin ngelampiasinnya dgn berkata kasar. Dibalik hal itu, apakah menurut anda pelecehan seksual pantas diterima oleh org yg berkata kasar?!",6
100,2022-04-29 20:56:53,chocolacaaa,@AREAJULID temen aku jg ada yg kena pelecehan seksual. katingnya cuma di skors dari himpunan. kesia skrg temen ku depresi sampe pen bundir beberapa kaliü§ß,1
101,2022-04-29 20:48:25,redaksikarawan1,"Iqlima Kim Ngaku Pernah Jadi Korban Pelecehan Seksual Hotman Paris, Wawww‚Ä¶.!    https://t.co/dSfz2DER6d",1
102,2022-04-29 20:44:59,jawapos,"Dituding Lakukan Pelecehan Seksual, Hotman Paris: Hati-hati, Saya Bisa Nyerang  https://t.co/cb8hMtaCOa",1
103,2022-04-29 20:43:40,studybrumbrum,"@scrxnb Pelecehan seksual di kantor lebih serem yaü•≤ semua kasus pelecehan emg serem"" bgt, tp kl dikampus biasanya kating"" organisasi ada yg mau bantu, tp kl di kantor banyak yg tutup mulut (ga semuanya jg). Semoga kakanya lekas pulih mental dsbnyaaü•∞ü§ó",595
104,2022-04-29 20:40:54,fajaronline, https://t.co/2gY834LSBl #AsistenPribadi #HotmanParis #IqlimaKim #PelecehanSeksual,3
105,2022-04-29 20:40:26,SINDOnews,"Dituduh Lakukan Pelecehan Seksual, Hotman Paris Akan Laporkan Iqlima Kim   #Sindonews #BukanBeritaBiasa . https://t.co/t6ioc6qYtt",1
106,2022-04-29 20:34:23,jawapos,"Dituding Lakukan Pelecehan Seksual, Hotman Paris: Hati-hati, Saya Bisa Nyerang Balik  https://t.co/Ibo56KLSKa",1
107,2022-04-29 20:27:07,jawapos,"Lho Kok, Asisten Pribadi Somasi Hotman Paris, Razman: Diduga Lakukan Pelecehan Seksual  https://t.co/AhifZMX39K",3
108,2022-04-29 20:21:01,detikcom,Iqlima Kim mengaku menyesal pernah menjadi asisten pribadi Hotman Paris lantaran dirinya mengaku telah mendapatkan pelecehan seksual dari pengacara kondang tersebut.  https://t.co/u3vsZdsdPl,8
109,2022-04-29 20:18:08,zumisizo,"@Casetteia @marbersaudara @AREAJULID setujuu aku dari daerah kuliah 4 taun di jkt fine2 aja dan ketemu temen2 yg baik2 pool ampe lulus, justru pelaku pelecehan seksual ada tetangga di kampung sendiri, udh ketangkep pulisi... jd g bisa digeneralisir",1
110,2022-04-29 20:14:36,fajaronline,"Dituding Lakukan Pelecehan Seksual oleh Iqlima Kim, Hotman Paris: Ingat Saya Selalu Tenang Tapi Selalu Bergerak dan Bisa Menyerang Balik  https://t.co/T0BOeZIzbi #HotmanParis #IqlimaKim #MenyerangBalik #PelecehanSeksual",1
111,2022-04-29 20:10:04,jpnncom,Pengacara Kondang Hotman Paris Hutapea merasa difitnah atas tudingan melakukan pelecehan seksual terhadal Iqlima Kim. #HotmanParis  https://t.co/HwPSKiqiK5,2
112,2022-04-29 20:04:03,matamata_com,Hotman Paris Jawab Tudingan Pelecehan Seksual ke Mantan Asisten Pribadi.  https://t.co/Lwtd925UZp,1
113,2022-04-29 20:02:41,yunankingstar1, https://t.co/ScB37YSaSB  Hotman Paris akan dilaporkan dalam kasus dugaan pelecehan seksual terhadap mantan asisten pribadinya berinisial I. Hotman Paris akan melawan balik.,1
114,2022-04-29 20:01:00,wechienak,"@Eudaimonia7_ @your_littleluv @amsalfoje @shabrinaf_ Jadi inget kasus pelecehan seksual di masjid. Crossdress pake mukena, terus noel pantat cewek waktu sujud.",3
115,2022-04-29 19:51:30,detikcom,Iqlima Kim mengaku menyesal pernah menjadi asisten pribadi Hotman Paris lantaran dirinya mengaku telah mendapatkan pelecehan seksual dari pengacara kondang tersebut.   https://t.co/iZmC4Oe1lI,1
116,2022-04-29 19:50:33,HistoryOfSunsh1,"@txtdarisisange Tolong, itu termasuk pelecehan seksual ya neng, yuk yuk kesadarannya, tolong dikondisikan",1
117,2022-04-29 19:49:44,BPPMEQuilibrium,[EQ News: Menilik Upaya Penanganan Kasus Kekerasan Seksual di Lingkungan FEB UGM]  Penulis: Hasna Maritza &amp; Saffanah Calista Foto: Meira Maulidya  Pelecehan seksual merupakan isu krusial yang banyak disoroti belakangan ini.  https://t.co/4q7Rh59RX3,1
118,2022-04-29 19:46:44,detikcom,"Mantan asisten pribadi Hotman Paris, Iqlima Kim, menceritakan dirinya mendapatkan pelecehan seksual dari Hotman Paris. Begini ceritanya!   https://t.co/BpLS9bFQVt",1106
119,2022-04-29 19:44:28,Ringo15Pansa,Apakah ini pelecehan seksual?,1
120,2022-04-29 19:38:18,karawang_online,"Iqlima Kim Ngaku Pernah Jadi Korban Pelecehan Seksual Hotman Paris, Wawww‚Ä¶.!  https://t.co/IHI152OItN",2
121,2022-04-29 19:38:10,heesclouds,kasus pelecehan di kampusku. bener-bener fucked up sih. anak lpm dikepung di sekret sama anak ukm yg menaungi pelaku. disuruh TD artikel terkait pelecehan seksual yg emg dilakukan oleh anggota ukm tsb.,1
122,2022-04-29 19:38:02,jpnncom,"Mantan asisten pribadi (aspri) Hotman Paris, Iqlima Kim diduga menjadi korban pelecehan seksual oleh pengacara kondang tersebut #HotmanParis  https://t.co/ohotgEwNlg",1
123,2022-04-29 19:36:12,kusnocahlanang,@indocringe_ S laki BSA nuntut pelecehan seksual ini plus ITE.,1
124,2022-04-29 19:29:21,aktrismistis,"#fotografer &amp; crew di akun¬≤ Instagram ‚Äúpejuang ini-itu‚Äù, ‚Äúoverheard ini-itu‚Äù. Kadang ngerasa kayak kaum paling dizolimi se-industry. Padahal mereka yang melakukan #pelecehanseksual ke gw. Rasanya frustrasi bgt.  Talent juga ngga diperlakukan baik¬≤ amat. Cuma kesannya aja glamor.",1
125,2022-04-29 19:20:34,yoursadfuckboi,@Hopeless1945 @ManusiaBiawak @CommuterLine Ya itu pelecehan seksual buat yang jadi objeknya dia loh mas. Entah dia liat siapa. Apalagi tempat umum,1
126,2022-04-29 19:20:04,jpnncom,"Dosen Fakultas Kehutanan Universitas Mulawarman Samarinda, Kalimantan Timur diduga lakukan pelecehan seksual terhadap tiga mahasiswi. #pelecehanseksual  https://t.co/qv7V9B4Yxi",1
127,2022-04-29 19:15:26,GyanayoKy,"Ternyata gk sedikit dari perempuan2 yang bicara tentang pelecehan seksual, mereka mengalaminya, sebagai korban, dan setiap mau cerita, pasti ada embel2nya ""aku gk cerita ini kesiapa2"" dengan alasan takut disalahin dan malu juga.",1
128,2022-04-29 19:15:04,tanyakanrl,GUYS TOLONG BANTU RT DONG KAKA AKU NGALAMIN PELECEHAN SEKSUAL DI KANTORNYA THREAD NYA AKU TARO DI REP YAA THANK U üíö,1359
129,2022-04-29 19:14:29,suhairi4hmad,"Selamat model organisasinya sentralistik, maka selama itu pula relasi kuasa ada dan hal itu sering kali mnjd  problem terjadinya kekerasan seksual, trmsk pelecehan seksual. Serikat pekerja barangkali sudah berpikir model organisasi alternatif yang bisa dikontrol semua anggotanya.",2
130,2022-04-29 19:13:45,jalur5_,Yuk belajar menahan nafsu seksual di tempat umum. Tindakan masturbasi di depan umum sudah termasuk pelecehan seksual. Salurkan nafsu seksual teman-teman di tempat tertutup yah.,3
131,2022-04-29 19:01:06,scrxnb,MAU SPILL PELECEHAN SEKSUAL YANG DIALAMIN KAKAK AKU DI KANTORNYA,46714
132,2022-04-29 18:44:03,tempodotco,Pesinetron Iqlima Kim Mengaku Dapat Pelecehan Seksual dari Hotman Paris  https://t.co/wR18h594J6 #TempoMetro,16
133,2022-04-29 18:39:55,detikhot,"Mantan asisten pribadi Hotman Paris, Iqlima Kim, menceritakan dirinya mendapatkan pelecehan seksual dari Hotman Paris. Begini cerita Iqlima.  https://t.co/K6ruaF40f2",1
134,2022-04-29 18:33:06,wow_keren,"Patut Diwaspadai, Ini 8 Jenis Pelecehan Seksual yang Sering Terjadi di Dunia Maya #SerbaSerbi  https://t.co/hZaqR79YAh  https://t.co/f9XitZYcND",1
135,2022-04-29 18:31:25,gugudangie,"hmmm berarti au au yang menceritakan boss yang merkosa pegawainya trus jadi daddy sama baby gitu, pelecehan seksual  juga dong? wkwkw",1
136,2022-04-29 18:28:02,jpnncom,"Mantan asisten pribadi Hotman Paris, Iqlima Kim mengaku menjadi korban pelecehan seksual sang pengacara #HotmanParis  https://t.co/DlyPpKSRts",1
137,2022-04-29 17:49:22,akunbersama1234,"@Lofaca0 Kak gw ada tmn dia founder di salah satu tempat buat nanganin kasus pelecehan seksual, coba dm gw nanti gw kasih nomernya. Tapi gw gatau dia lagi free apa ngga, soalnya nanganin kasus banyak bngt skrng",1
138,2022-04-29 17:34:06,matamata_com,"Iqlima Kim mengatakan, pelecehan seksual berupa banyak hal.  https://t.co/phpGZZciiP",1
139,2022-04-29 17:27:14,20detik,Curhat Mantan Aspri Ngaku Dapat Pelecehan Seksual dari Hotman Paris  https://t.co/4jDRDsJmJj,1
140,2022-04-29 16:56:36,kumparan,"Hotman Paris dituding melakukan pelecehan seksual terhadap mantan asisten pribadinya, Iqlima Kim. #kumparanHITS  https://t.co/Sfj0oKQysM",2
141,2022-04-29 16:56:04,intipseleb,Geger! Iqlima Kim Ngaku Alami Pelecehan Seksual dari Hotman Paris  https://t.co/06kV18sdWN  https://t.co/FWCdhSdxma,1
142,2022-04-29 16:48:53,saaaaaachannnn,"@ssaaffffff Ga habis pikir aku sama yang kayak gitu. Padahal trauma pelecehan seksual bisa bertahun-tahun, ga logis banget korban mau nikah sama pelaku. Berinteraksi tanpa rasa takut aja susah.   Nah iya ini minor nih yany bebal dikasih tauu, emg sekarang tuh harus di awasin kalo main hp",1
143,2022-04-29 16:45:02,Oyenpalingkuat,"@AREAJULID Gak pantas jadi pengacara, baik udah lulus kuliah hukum atau belum. Maaf kalau saya ngomong gini. Bayangin aja kalau misalnya kita/dia di posisi korban. Pelecehan seksual yang dilakukan pelaku bukan secara 'spontan'. Sampai korbannya sepuluh orang masih disebut spontan?",1
144,2022-04-29 16:36:54,onlyluckismine,"@AREAJULID lho bukannya ada ketentuan undang undang baru ya, itu tentang hukuman mati pelecehan seksual",1
145,2022-04-29 16:07:43,meisarasinaga,Meromantisasi pelecehan seksual. Unfaedah skli ya author nya,1
146,2022-04-29 15:59:51,mejikuhibinad,"@convomfs wtf this is au, pelecehan seksual itu gk boleh disalahgunakan gini dong keterlaluan bgt ini mh  walaupun si pelaku mau tanggung jawab minimal tindak pidana harus ditegakkan disini jgn bikin org"" berangan angan tntng hal yg bodoh gini, yg bikin au nya wahh gk ngotak sih haha",0
147,2022-04-29 15:51:44,baryoism,"@arprynnd Kalo kayak gitu, pada akhirnya pemerintah gak berperan dalam pencegahan kekerasan dan pelecehan seksual yang nyata terutama pada perempuan.",1
148,2022-04-29 15:49:55,xxmatxacha,"@AREAJULID Cowo¬≤ yang gak bisa menahan nafsu dan melakukan pelecehan seksual minimal sanksinya dicambuk gitu, biar kapok, jangan cuma klarifikasi dan minta maaf, kelar hfft",7
149,2022-04-29 15:49:15,serambinews,"Polisi DPO Pria Gaek, Diduga Lakukan Pelecehan Seksual: Satreskrim Polres Aceh Tengah menetapkan Syamsul Qamar (62) warga Kecamatan Lut Tawar, dalam daftar pencarian orang (DPO)  https://t.co/PfhYIAZbLO  https://t.co/Qoy3STkjjs",2
150,2022-04-29 15:24:10,WlNTEU,"@AREAJULID Menganggap pelecehan itu hal yang normal. Pelecehan seksual itu sadar, tidak spontan dan semua keputusan itu udah disetujuin oleh dirinya. Dia memilih menjadi pelaku pelecehan, berarti dia harus menerima konsekuensi dari perbuatannya. Ah kampret lagi puasa",129
151,2022-04-30 06:58:39,lembaranbaru24,"Pelaku ini jahat banget,! jangan judge korban kalau membeku, ada istilah tonic immobility, ketika dalam ketakutan sangat kita ngga bisa bergerak sama sekali, banyak korban pelecehan yang mengalami ini, alhamdulillahnya si korban akhirnya bisa melawan",13
152,2022-04-30 06:55:55,jawuwawy,"@andreasharsono Sama kaya di kampus saya, korban pelecehan seksual justru dapat sanksi tidak dapat pelayanan akademik selama 2 semester, alasannya karena dia dianggap bersalah mau diajak bertemu laki-laki di malam hari. Sangat lucu ketika korbannya justru ikut dapat sanksi",2
153,2022-04-30 06:45:57,Gitgutgotta,Reply nya byk juga yg udh jadi korban pelecehan seksual begini‚Ä¶ takut,1
154,2022-04-30 06:33:31,detikhot,"Iqlima Kim akui dirinya menjadi korban pelecehan seksual Hotman Paris. Tak peduli gertakan Hotman, dia tegas layangkan somasi.  https://t.co/nihvXx2aAX",2
155,2022-04-30 05:03:21,nagatauww,"Kayaknya emang bener ya masih banyak pikiran2 kolot kalo ada tindakan pelecehan seksual pasti nyalahin korban dulu, langsung labelling korban yg ngga2, kebiasaan judgemental sampe nganggep kalo masalah kaya gitu tu lumrah buat sering terjadi. Hadu,memang suka ga abis thinking dah",2
156,2022-04-30 05:00:51,nagatauww,"Siapapun itu deh, mau gendernya lanang kek wadon kek usia berapapun ya emang namanya tindakan pelecehan seksual emang gapantes dan biadab, dan gada satupun orang yg mau buat jadi korbannya. Kata2 udah siap dilecehkan kayaknya jahat banget apalagi dilontarkan buat korban.",1
157,2022-04-30 04:57:50,RzqiArisandii,"@detikcom Bukan ga mau membela korban pelecehan seksual, tapi saya heran kenapa kamu masih mau jadi asprinya padahal kita semua udah liat bagaimana dia memperlakukan wanita.",0
158,2022-04-30 04:35:21,onbus156,"@AREAJULID owalah, manusia kyk gini tuh gk akan kapok kalo hukumannya skorsing doang. spill aja muka atau identitas lainnya, siapa tau ada yg mau silaturahmi. korban kenal trauma seumur hidup krna pelecehan, knp pelaku gk bisa trauma juga krna sanksi sosialü§∑üèª‚Äç‚ôÄÔ∏è",1
159,2022-04-30 02:15:43,heihugmee,@scrxnb Korban pelecehan seksual itu adalah buktinya mba,1
160,2022-04-30 01:22:03,kbe_2014,Inilah Sosok Iqlima Kim Wanita Cantik yang Ngaku Jadi Korban Pelecehan Seksual Hotman Paris  https://t.co/sjkbdgljvp,1
161,2022-04-30 00:05:23,jualkelapamuda,"ada yg absurd, w pernah baca au yg pelecehan seksual gini, dan di cerita itu besoknya si korban bunuh diri dan arwahnya mlh blg thank you ke si pelaku krn dia jg emg gamau hidup.. lgsg w block anjr",1
162,2022-04-29 22:49:11,duitbansos,"dikasih memek kok gak mau, susah kan klo korban nya cowo pelaku nya cewe? hayolo""  damn im sorry sayangüò≠üò≠ w paling sakit ati dah klo denger cerita pelecehan gini mau korban nya cowo atau cewe kek ya allahüò≠üò≠",0
163,2022-04-29 22:42:35,vethramrslly,"@louvnment @rapsodied @SiKebongce @sukunachan @nanangismantoro @fluffylunda @nickigrandongg Ibarat ada korban pelecehan yg disalahkan korbannya karena pake baju mini, padahal yg salah yg gabisa nahan nafsunya kan? Relate juga sama kasus bully, masa yg disuruh diem korbannya. Heran",0
164,2022-04-29 22:41:01,karawang_online,Sosok Iqlima Kim Wanita Cantik yang Ngaku Jadi Korban Pelecehan Seksual Hotman Paris  https://t.co/p6BWgDgbKY,2
165,2022-04-29 22:24:58,Susiii_Wahyu06,contoh orang yg kalo ada kasus pelecehan malah nyalahin baju korban,5
166,2022-04-29 22:21:03,kbe_2014,"Iqlima Kim Ngaku Pernah Jadi Korban Pelecehan Seksual Hotman Paris, Wawww‚Ä¶.!  https://t.co/pJBiKSiyht",1
167,2022-04-29 20:52:34,beybo_93,"@awwgie @ManusiaBiawak @CommuterLine Gue pernah jd korban pelecehan di krl,gue teriak ga ada gunanya tuh org disekitarnya, boro2 ada yg nolong. Pelakunya ajah gue yg seret sendiri keluar gerbong bawa ke security",0
168,2022-04-29 20:48:25,redaksikarawan1,"Iqlima Kim Ngaku Pernah Jadi Korban Pelecehan Seksual Hotman Paris, Wawww‚Ä¶.!    https://t.co/dSfz2DER6d",1
169,2022-04-29 19:38:18,karawang_online,"Iqlima Kim Ngaku Pernah Jadi Korban Pelecehan Seksual Hotman Paris, Wawww‚Ä¶.!  https://t.co/IHI152OItN",2
170,2022-04-29 19:38:02,jpnncom,"Mantan asisten pribadi (aspri) Hotman Paris, Iqlima Kim diduga menjadi korban pelecehan seksual oleh pengacara kondang tersebut #HotmanParis  https://t.co/ohotgEwNlg",1
171,2022-04-29 19:15:26,GyanayoKy,"Ternyata gk sedikit dari perempuan2 yang bicara tentang pelecehan seksual, mereka mengalaminya, sebagai korban, dan setiap mau cerita, pasti ada embel2nya ""aku gk cerita ini kesiapa2"" dengan alasan takut disalahin dan malu juga.",1
172,2022-04-29 19:03:09,tribunbanten,"Hotman Paris Disomasi Eks Aspri, Iqlima Kim Ngaku Jadi Korban Pelecehan: Begitu Nolak Dimaki-maki    https://t.co/BgrR7PYqnj via @tribunbanten",0
173,2022-04-29 18:56:37,makLambeTurah,"Hotman Paris Murka Usai Disomasi Eks Asprinya 7 x 24 Jam, Iqlima Kim Usai Ngaku Jadi Korban Pelecehan Bagian Ini  https://t.co/hirDHT9e14  https://t.co/OTCPCV6QZw",8
174,2022-04-29 18:54:29,apasyakkk,"hayo mbok ngampet delo,bar kui coli neng omah lakyo iso,wong pemikiran koyo kui sik marai iseh akeh korban pelecehan tapi le disalahke le korban e",0
175,2022-04-29 18:36:29,dxllruz,"@AREAJULID Spontan kok 10 Korban, Semoga anak lo nanti ga kena Pelecehan deh, miris banget as Women malah jd Pengacara yg kasusnya kek gini wkwk. TAMATIN DULU KULIAH DEK.",0
176,2022-04-29 18:28:02,jpnncom,"Mantan asisten pribadi Hotman Paris, Iqlima Kim mengaku menjadi korban pelecehan seksual sang pengacara #HotmanParis  https://t.co/DlyPpKSRts",1
177,2022-04-29 17:20:39,BeritaMenang,"Mengaku Korban Pelecehan, Iqlima Kim Somasi Hotman Paris, Ini Respons Si Pengacara Kondang¬†Itu  https://t.co/yEdXzlz27e",0
178,2022-04-29 17:18:23,sxbnw,Dan aku baru nemu cerita wp yang ada pendapat kayak menormalisasikan bahwa korban pelecehan boleh nikah sama pelaku kalau ganteng?? KEK WHATT ITU BUKANNYA MAU NIKAH MALAH TRAUMA KETEMU SAMA PELAKUNYA,0
179,2022-04-29 17:14:24,GameBerita_com,"Mengaku Korban Pelecehan, Iqlima Kim Somasi Hotman Paris, Ini Respons Si Pengacara Kondang¬†Itu  https://t.co/dIeqH3wQ3W",0
180,2022-04-29 17:11:40,TotoBerita,"Mengaku Korban Pelecehan, Iqlima Kim Somasi Hotman Paris, Ini Respons Si Pengacara Kondang¬†Itu  https://t.co/tFvQtSHmNI",0
181,2022-04-29 16:48:53,saaaaaachannnn,"@ssaaffffff Ga habis pikir aku sama yang kayak gitu. Padahal trauma pelecehan seksual bisa bertahun-tahun, ga logis banget korban mau nikah sama pelaku. Berinteraksi tanpa rasa takut aja susah.   Nah iya ini minor nih yany bebal dikasih tauu, emg sekarang tuh harus di awasin kalo main hp",1
182,2022-04-29 16:45:02,Oyenpalingkuat,"@AREAJULID Gak pantas jadi pengacara, baik udah lulus kuliah hukum atau belum. Maaf kalau saya ngomong gini. Bayangin aja kalau misalnya kita/dia di posisi korban. Pelecehan seksual yang dilakukan pelaku bukan secara 'spontan'. Sampai korbannya sepuluh orang masih disebut spontan?",1
183,2022-04-29 16:15:53,IamBima,@AREAJULID awal mulanya si yang pamer titit gara2 celana bolong terus skg dia semoga aja g ada korban pelecehan gara2 ada cowo masuk toilet cewe,0
184,2022-04-29 16:13:23,Cheneverly,"@Lofaca0 Soal pelecehan gini sering kali pelaku yg danggap korban, begitu pula sebaliknya. Gatau lgi gmna keadaan si korban skrng yg bnr"" merasa putus asa dlingkungan kaya gtu. Terlebih bukannya dukungan yg ia dpt melainkan cemoohan. Semoga korban mendptkn keadilan smpai dia merasa tenang",4
185,2022-04-29 15:34:43,nautenonet,"@AREAJULID lo nyari sensasi boleh, tapi janga sampe lo berani2 mempermainkan keadilan khususnya terhadap minor dan korban pelecehan. Lo cewek, harusnya sadar diri betapa rentannya cewek terhadap pelecehan. Lo main2 sama keadilan di dunia gw yakin di akhirat nanti keadilan lo jg dipermainkan  https://t.co/B5Dvr9KNIx",412
186,2022-04-29 15:23:30,014Kecil,@jericho_iii @jokowi @KremlinRussia_E Sekarang tunjukan video atau bukti bahwasan nya russia melakukan pelecehan seksual terhadap korban perang di ukraina,2
187,2022-04-29 14:35:51,gwiomji98,Banyak diluaran sana yg jadi trauma karena jadi korban pelecehan BISA BISANYA DIJADIIN AU,0
188,2022-04-29 14:30:00,officialnova_id,"Kini bela guru ngaji, Barbie Kumalasari curhat pernah jadi korban pelecehan oleh kolega pengacara.   https://t.co/lrzb0jGWah",0
189,2022-04-30 04:02:40,zyestarx,"jujur udah sering denger dan melihat kejadian2 seperti ini,  ""wanita dilecehkan di tempat kerja""  semakin khawatir klo ntar doi kerja. ga ada aku disitu, ga ada yg jagain eh malah ketemu binatang2 kek gini.  belum kerja aja doi udah sering dicat-calling atau digoda goda ama jamet",1
190,2022-04-30 01:03:50,pranaladotco,"Wanita di Kubar Diduga Diculik dan Dilecehkan saat Berangkat Kerja, Pelakunya Ternyata Kakak Ipar -  https://t.co/kMXJrwrjKZ via @ https://twitter.com/pranaladotco",0
191,2022-04-29 19:31:07,pikiran_rakyat,"Wanita di Kaltim Diduga Diculik dan Dilecehkan Saat Berangkat Kerja, Pelaku Ternyata Kakak Iparnya  https://t.co/SlHS2nmVVm",0
192,2022-04-28 17:16:47,ceritasisikanan,"lalu bibi berkata lagi, iya, dia vera, sahabatku, dan ya, aku adalah wanita yang dilecehkan, diperkosa kemudian di bunuh, namaku ceri"" kata hantu tersebut menjelaskan.  "" iya, mungkin kau memang jin qorin dari ceri. Walaupun aku tak bisa mempercayaimu kamu boleh cerita.",5
193,2022-04-28 12:36:54,BucinKamuaku,"Meskipun si popo ini ga oprasi, kan dia merasa dirinya wanita(?) Trus kalaupun dia msuk k toilet pria, apa ada jaminan dia ga bakalan dilecehkan dgn penampilan bgtu? Kan yg byk org resahkan krn si popo lakik.  Terlepas dr agama, agama mana yg membenarkan? Kagak ada!!!!",0
194,2022-04-28 08:25:24,rinrasulo,"Harus di ajari tata Krama di Indonesia,cukuplah TKW kita yg klo ke Arab kadang dilecehkan, jng perempuan Arab di Indonesia mau bebas menghina wanita Indonesia apalagi yg kita tokohkan @PDI_Perjuangan",1
195,2022-04-28 07:25:27,KakSuryadi,"@Poposindoe @eradotid 53% Wanita dan anak perempuan. Apakah mereka homoseksual? Makanya kalo bahas ginian dibandingin dengan Gender itu gak kelar2. Karena fakta dan informasi yang diterima, ya sekedar berita. Sama halnya kayak ngomongin laki2 juga ada yang dilecehkan.  https://t.co/Aql8rSjzwi",1
196,2022-04-28 01:25:07,musiqofthgyal,"Semua serba wanita, sampai lupa pria juga punya sentimental. Paham sih mgkn jumlah wanita lebih banyak drpd pria. Jd kasusnya otomatis jg lbh banyak. Tp banyak juga pria yg diam saat tau mreka dilecehkan. Trauma? Jelas.  Pria juga manusia &amp; punya harga diri.",1
197,2022-04-26 15:24:29,SakaumM,"@fariqnism Pas aku highlight point tentang dress &amp; talk like you and even some prettier than you, itu aku mau bilang : ""Mereka sangat tinggi peluangnya dilecehkan"". Bukan aku memaknai apa itu wanita dari hal-hal tersebut. Please do not distort my point lady. Kamu salah paham",0
198,2022-04-26 12:47:04,aldenialalfahri,"@detektifsejaht1 @Tanpana97398728 @Sumarnoisdead @ernilito85 Liat andin yg nangis mulu aja gw gemas, n merasa dilecehkan sbg wanita. Apalgi kalo andai benar al dihilangkan &amp; dibuat andin-amar. maaf ya wanita bisa punya power koq utk memperjuangkan anak2nya.  Wanita gk seperti laki2, yg kalo br bentar ditinggal pasangan lgsg keder",2
199,2022-04-25 18:48:00,AkunSayangJeno,"@HPL0vecr4ft @LeeKnowMoonton @leesskyn Sebelumnya maaf banget nih, mas. Ikut nimbrung, hehehe. Ada tambahan nih, keruang publik tapi sendirian? Lantas, bagaimana orang yang masih memiliki teman yang bersama tapi tetep dilecehkan? Kenapa disini jadi wanita yang selalu salah?",0
200,2022-04-25 18:17:57,dindaamp,"Tapi ternyata tidak sedangkal itu bestie. Dia maparin gimana wanita yg sering dibully, dilecehkan, dimanfaatkan, ditipu di era digital ini, kita jadi perempuan harus kuat. Jadilah perempuan yang berdaya bukan diberdayakan.",0
201,2022-04-25 17:35:58,saha_yah22,"@MoodyLoo0ny @bern_kirana @malesmenulis @AdorableGojo @teapodcs @AREAJULID Bahkan saya tidak menyangkal pernyataan bahwa perempuan msh ada peluang utk dilecehkan walau dgn pakaian syar'i.  But, what you said is oot. Tweet kedua dr atas bicara ttg tanggung jawab pria dan wanita. Anda malah komen dgn nada mengejek dan cenderung tidak terlihat serius.",1
202,2022-04-25 14:16:43,siakuncurhat,"@AREAJULID memakai pakaian tebal dan sopan pun ga menjamin wanita ga dilecehkan, right!!!",0
203,2022-04-25 09:10:49,BarBaro5_,"Ketika islam datang dgn mengajarkn bahwa wanita adalah seorang makhluk yg mulia &amp; posisi-y harus dijaga &amp; dimuliakan, islam datang dgn mengangkat drajat wanita yg awal-y dilecehkan menjadi dijaga &amp; dimuliakan. Wanita diibaratkan PERHIASAN yg sangat indah yg dimiliki o/ dunia ini.",1
204,2022-04-25 04:43:43,GopalaJaya1,@RaniKancana__ Coba ojol nya warga keturunan..pa lagi berbau unta...mesti gercep.. Para wanita Dayak dulu laporan polisi krn dilecehkan tdk ada tanggapan sampe sekarang...tp begitu Tsamara yg lapor..ga nunggu lama..,0
205,2022-04-24 22:27:10,ryaskhi,"@SnMangatyass hello gini mba, sy cuma tdk setuju sama statement org2 yg bilang ""makanya tutup aurat"" makanya sy kasih contoh santri2 tsb, sudah tutup aurat saja tp masih dilecehkan. dan sy simpulkan bahwa pakaian bkn tolak ukur laki2 utk melecehkan wanita. dari kasus2 yg saya baca bahkan ada-",2
206,2022-04-24 19:39:08,ffungirlll,"@Irfan66535284 @sadgurlpisan @buIankeIima @AREAJULID parahnya lg, ada yg berpakaian tertutup tapi masih di catcalling dan dilecehkan secara verbal itu bagaimana tanggapan mas? tentang wanita yg harus terus menutup auratnya? padahal kita sudah sedemikian dan tetap dilecehkan?",4
207,2022-04-24 18:10:01,teapodcs,"@skyforvmin @AREAJULID kalo otak itu kontrol masing¬≤, tapi at least kita bisa berbuat sesuatu lah.. ya jgn karena byk wanita berhijab dilecehkan, terus kita, ya udahlah sekalian aja ga berpakaian..  kan ngga gitu juga, we have the ability to protect ourselves, ya kenapa engga..",253
208,2022-04-24 17:27:27,OtherAzis,"@AREAJULID Oh iya guys, ada yang kurang tapi harus disampaikan :  Dengan kejadian wanita berpakaian syari yang terkena kekerasan seksual, bukan berarti syariat untuk menutup aurat itu jadi hilang.  Sebaliknya jika ada perempuan yang membuka aurat juga bukan berarti boleh dilecehkan.",3
209,2022-04-24 15:18:08,Jabar24Jam,"Cerita Viral, Wanita Ini Dilecehkan di Terminal  https://t.co/rcRdIH63rh",0
210,2022-04-24 15:17:27,MangSiHejo,"Cerita Viral, Wanita Ini Dilecehkan di Terminal  https://t.co/fBoQb9i2E5",0
211,2022-04-24 15:14:20,zonasubang,"Cerita Viral, Wanita Ini Dilecehkan di Terminal  https://t.co/n1Q0Yvgecl",0
212,2022-04-24 15:13:39,TINTAHIJAUcom,"Cerita Viral, Wanita Ini Dilecehkan di Terminal  https://t.co/TCbJe3H0VI",0
213,2022-04-24 14:50:18,tega_ya,"Cerita Viral, Wanita Ini Dilecehkan di Terminal -  https://t.co/bXw6k10jKR  https://t.co/A8mSVp9uZT",0
214,2022-04-24 14:38:37,belanjacelana,"Cerita Viral, Wanita Ini Dilecehkan di Terminal -  https://t.co/uAJca2c6mj  https://t.co/ZqHoUQETHI",0
215,2022-04-24 14:26:06,wanitaimpianmu,"Cerita Viral, Wanita Ini Dilecehkan di Terminal -  https://t.co/7G5YQwSuo9  https://t.co/ylVTFIiWha",0
216,2022-04-24 06:59:30,Palupi_lov3,"@sikodoksakit @DhidanHardhian5 Ya kalau dia manusia beradab mngkin bisa minta maaf. Ntah kalau dia manusia BIADAB mba. ,üôè Maaf Lupi jd kasar kalau lihat wanita dilecehkan.",2
217,2022-04-24 03:28:11,putrizkimel,"Meski penyebab lainnya adalah Rena yg merasa dilecehkan. Lengkaplah sudah.  Rena sangat senang ketika hubungan mereka kandas begitu saja. Padahal Faldi pun sedang menjalin hubungan dgn wanita pada saat itu.  Tapi dgn bodohnya Rena mantap melepaskan pria yg sudah ""jelas"".",0
218,2022-04-23 09:48:00,madoiisdo,amber heard nih bikin korban2 wanita yg beneran dipukulin dan dilecehkan makin susah dan makin takut speak up karena sekarang orang2 pada susah mau percaya korban..........,0
219,2022-04-22 22:18:37,Arief_2792,"@el_avraham @stafsuscolonial @BandiVokt @evitawnld UU TPKS kan tmsk ranah pemerkosaan atau grepe-grepe dsb kan  UU itu dimiliki semua negara maju. Udah prasyarat jadi negara maju   Mesir yg ekonominya hustling, gw baru tau dan gw syok, pelecehan seksual di sana gila, 99% WANITA PERNAH DILECEHKAN.",1
220,2022-04-22 19:54:58,Arief_2792,"@sentris_man UU TPKS kan tmsk ranah pemerkosaan atau grepe-grepe dsb kan  UU itu dimiliki semua negara maju. Udah prasyarat jadi negara maju   Mesir yg ekonominya hustling, gw baru tau dan gw syok, pelecehan seksual di sana gila, 99% WANITA PERNAH DILECEHKAN.",1
221,2022-04-22 13:29:09,mabashb,"walau jarang, namun kasus pria yang dilecehkan wanita tak sedikit, bahkan beberapa hingga terjadi pemerkosaan. namun respon masyarakat cenderung biasa saja, padahal tentu bisa menimbulkan trauma. jangan sama ratakan bahwa semua pria itu mesum!   https://t.co/h13RfE29kM",0
222,2022-04-22 11:10:28,ShowbizLite,Curhat Miris Pesepakbola Wanita Dilecehkan di Media¬†Sosial  https://t.co/cWHXdHR8xD,0
223,2022-04-22 09:30:00,evasegotiwol1,Tolong berjuangkan kami buat  #KepastianHukum UU TPKS supaya wanita tidak dilecehkan seksual üò•üò•üò•,0
224,2022-04-22 06:46:05,VIVAbola,Curhat Miris Pesepakbola Wanita Dilecehkan di Media Sosial  https://t.co/cb1PUvzvUp,0
225,2022-04-19 23:45:45,helehhilih_,"@rvskkkdddo @bangopang_ LGBT ngeseks juga sesama LGBT. Kalo ada yang normal ""merasa dilecehkan"", ya silahkan jalurnya kan hukum.  Sama seperti ketika kalian yang katanya normal, melecehkan orang lain. Khususnya ke kaum wanita.",0
226,2022-04-19 16:30:25,BloonGebuk,"UU TPKS melindungi hak2 wanita, tp ditolak. Smentara di negara berbasis agama, hak2 wanita dikebiri. Gabisa kluar rumah sendirian. Dilecehkan, diperkosa, tetep wanita yg salah. Pendidikan terbatas. Penampilan diatur, hanya kain hitam dari ujung ke ujung.  Minat? Gw sih OGAH!",3
227,2022-04-18 21:04:36,kumparan,Wanita ini sempat dilecehkan oleh bosnya yang menginspirasinya untuk membuat aplikasi kencan dan membuatnya menjadi miliarder termuda.  https://t.co/PAu67OhN5n,0
228,2022-04-18 17:00:03,andiwib1986,"@whiteofroses @FWBESS pelecehan kalau si korban merasa dilecehin, tapi kebanyakan kaum adam yang ada kesenengan. bisa dihitung pakai jari yg melapor dilecehkan sama wanita apalagi ditunjukin nenen dan disuruh grepe2",0
229,2022-04-27 20:49:59,Soewangan,"Ô∏èÔ∏è   Ô∏èÔ∏è   Dia adalah wanita paling kuat dan tabah, tetapi terlampau mudah terenyuh akan situasi sarat pilu. Kematian pada dasarnya memukul telak bendung yang dengan teguh memblokade segala kegetiran dan telah dibangun selama bertahun-tahun.     Ô∏èÔ∏è   Ô∏èÔ∏è",0
230,2022-04-21 08:18:24,501Awani,"""Suspek telah memarahi dan memukul badan pengadu sehingga menyebabkan wanita itu lebam dan sakit pada anggota badannya.""  #ICYMI #AWANInews #AWANIpagi   https://t.co/H4Pmb41Gb1",16
231,2022-03-19 19:21:38,KiramatTerala,"„Ö§ „Ö§Tentu sabuk hitam, yang digunakan untuk memukul,  berhenti bergerak. Atensi wanita berkulit putih itu teralihkan pada Lilis dan Dyah. ""DASAR MONYET-MONYET TIDAK BERGUNA. PERGI DARI TOKOKU."" „Ö§ „Ö§Walau tak mendapatkan roti yang diinginkan setidaknya tidak ada lagi pukulan.",0
232,2022-03-10 08:07:12,ameerahmsia,Semoga orang yang buat fitnah ini tiada niat untuk memukul isterinya. Isteri perlu disayangi bukan pada hari wanita sahaja.  #AmeerahMalaysia #MuslimatMudaPAS #TolakFitnah,2
233,2022-03-09 06:06:57,JiwaKEADILAN,Memukul isteri pada hari wanita sedunia‚ùå Memukul isteri pada hari¬≤ lain‚úÖ,1
234,2022-02-10 00:23:30,wanggealfon,"Puji Tuhan saya sampai detik ini tidak pernah memukul istri saya sendiri (semoga sampai selama2nya), bahkan Bapak saya pun belum pernah saya lihat memukul ibu saya. mending pukul diri sendiri saat bertengkar dari pada pukul wanita atau istri kita..ini #Prinsip saya &amp; keluargaüòäüôè",0
235,2022-02-07 18:04:07,prabutintaemas,"@commaditya di bali wanita di jadikan yg mencari nafkah, ke swah, ke ladang, jdi tkang bangunan, laki2 nya pada santai di rumah itu melebihi KDRT. perlu di ketahui ya, dlm islam di bolehkan memukul itu istri dlm hal mendidik, jg memukul nya hanya di betis. pahami dl isi nya, baru bacot..",39
236,2022-02-06 14:59:43,riyurlove,"@mutajir_mohamat @TaufikDamas Letak surga wanita ada pada ridho suami yang sholih bukan suami yang dzalim. Suami sholih tidak mungkin memukul, berpoligami (tidak berpoligami) karena Rosull dan sahabatnya berpoligami untuk menikahi para janda yang suaminya gugur perang, janda miskin. Bukan janda kembang sekian",0
237,2022-02-06 14:27:43,makkulion,"Sahabat wanita itu pergi pulang tanpa men-qishash(membalas) suaminya.  Rasulullah ditegur oleh Allah loh ini karena perbuatan Rasulullah salah juga sebab Allah maha tau apa yang terjadi pada sahabat wanita ini, ya benar suami boleh memukul sang istri tapi ketika istri tidak taat",0
238,2022-02-05 01:12:46,Kaanooyaa,"@Vrischa_Matt @mahdinosaur Iya kak, sesat parah ... Rasul aja bilang ""Jangan pernah kamu memukul wanita"". Trs ada juga pada waktu itu di zaman beliau, perempuan yg jadi korban kdrt ngadu ke Rasul langsung ditanya ""Siap ga kalo mahar yang udah dikasih, kamu kembalikan?"" = suruh ceraikan suaminya",0
239,2022-02-04 19:05:08,Sesojok3,"@OposisiCerdas Hukum memukul istri didasarkan pada firman Allah SWT dalam al-Qur'an, surah An Nisa ayat 34: ‚ÄúWanita-wanita yang kamu khawatirkan nusyuz-nya, maka nasehatilah mereka dan pisahkanlah mereka di tempat tidur mereka, dan pukullah mereka. ... Sesungguhnya Allah mh tinggi dan mh besar""",0
240,2022-02-04 09:07:32,AllZazil,@jawapos Betul itu Padahal dia wanita ya Seharus dia itu melindungi wanita  Buka d suruh pada suami suka memukul,0
241,2022-02-02 15:29:29,ilbasugih,"Sungguh, Allah Mahatinggi, Mahabesar.qs.4:34  Pada titik ini, dia berkomentar:  Tidak ada cara untuk menghindarinya.¬†Kata Arab dalam ayat ini berarti memukul.¬†Kita berbicara tentang hukuman fisik dan fisik yg diberikan kepada seorang wanita oleh suaminya sendiri",0
242,2021-12-26 14:39:42,doyok_supri,"@swissball333 @citracannavaro lebih unggul dalam bidang apa? dalam bidang menjadi sexist? atau dalam bidang penyerangan seksual dengan memukul kemaluan orang?, melihat orang seperti kamu membuatku ingin tertawa pada wanita wanita yang pernah diperkosa",0
243,2021-12-15 11:49:55,JRenggana,"Dilema, wanita modelan ini seringkali playing victim, saat dipegang/sentuh akan teriak dia memukul, dia menganiaya, dia melakukan pelecehan seksual, jd seringkali sengaja agar korban melakukan sentuhan pada pelaku agar bisa disalahkan dengan macam-macam kebiasaan kelompok mereka.",0
244,2021-12-03 19:17:23,adnan_fuzzy,"Chapter  ini sanji  bintangnya.. karakter favorit selama ikutin OP. Kayaknya  sifatnya  laki pake banget dah nih karakter udh mesum, mau berkorban untuk temannya, lembut ke cewe dan bersumpah lebih baik mati dari pada memukul wanita.   #onepiece1034  https://t.co/QwoGbF4PmD",3
245,2022-04-30 05:55:58,channnn00,"@SeputarTetangga tapi mereka ga ada tuh negur anaknya. Gue tau kekerasan terhadap anak kecil emang ga bisa dibenarkan, tapi bocil kematian ini layak buat dislepet sendal kalo udah berulah. Sebel banget gue.",45
246,2022-04-30 04:43:39,fckarea,"@devilmaycrypt0 @yaydump @kopitersenja @dwikimic gk mesti nunggu di buang di panti dlu sih klo mau blg gk semua ortu baik, ya krn emg fakta ny gk semua ortu pantas di blg ortu, ad anak yg dri kecil dpt kekerasan, di abaikan ortu dan gk di nafkahi ortu, anak kecil bnyk jg yg cari uang sendiri pdhl ortu msh lengkap ini fakta ya",44
247,2022-04-30 02:23:24,jiwamuID,#Relawan Peduli #anak dan #perempuan terbentuk  https://t.co/bEEnGvYJ9p #dp3ap2kb #editiawarman #kekerasan,0
248,2022-04-30 01:31:32,ofROJEPARK,@tumciol IH KEKERASAN PADA ANAK KECIL,0
249,2022-04-30 01:03:06,eLAmaravati,"Gak heran banyak anak yang diam ketika mengalami kekerasan/kekerasan seksual dari orang tuanya. Gue baru bilang gak harmonis ama ibu aja banyak yang salty. Kalian tinggal di dunia bagian mana, sih, sampai menganggap bahwa orang tua adalah berhala yang harus dipuja-puja?",18
250,2022-04-30 00:47:41,Mikoes95,"Puan Maharani menegaskan, implementasi UU TPKS nantinya dapat menyelesaikan kasus-kasus kekerasan seksual. Khususnya memberi perlindungan terhadap perempuan dan anak Indonesia.",0
251,2022-04-29 22:54:08,meruparupa,"Drpd dishaming dan melabel anak yang penasaran dgn seks sebagai hal yang tabu, baiknya kita ngasih pemahaman resiko dari aktivitas seksual. Bahaya akan STD dan/atau kehamilan tidak diinginkan, bahaya akan kekerasan seksual. Justru rasa ingin tahu yang direpresi juga berbahaya.",97
252,2022-04-29 21:52:50,serambinews,"Gubernur Ajak MPU Bersinergi Kokohkan Benteng Islam: Tiga ancaman yang dapat meruntuhkan benteng Islam, yaitu narkoba, gadget serta kekerasan fisik dan kekerasan seksual terhadap perempuan dan anak.  https://t.co/tsdojUQCTA  https://t.co/DiXyt7zfC7",1
253,2022-04-29 21:49:53,summerbrxxze,"@worksfess Saya sering nyelametin kucing, anak kucing nyangkut di genteng sama kucing korban kekerasan manusia, tapi paling sering ngobatin kucing korban kekejaman manusia, kalo tangan saya ngga bisa, saya pake harta saya buat nolongin kucing-kucing kurang beruntung via platform kitabisa",0
254,2022-04-29 21:44:08,Jemsbray,"Kan gw bilang jg apa, syarat jadi TNI atau polri udah deh jangan minimal lulusan SMA sederajat, mereka masuk kesana tuh cuma buat gaya2an ke lingkungan tp otak dan pola pikir ga jauh beda sama anak STM yg suka kekerasan",0
255,2022-04-29 21:42:00,segarasea,Kalau tidak bisa mendidik anak dengan baik dampak buruknya bisa sangat fatal di masyarakat. Kekerasan yang terjadi di jalanan belakangan banyak dilakukan oleh anak-anak dan remaja. Hal itu terjadi sebagai dampak kurangnya kualitas pendidikan secara formal maupun di keluarga...,0
256,2022-04-29 20:45:00,RadioElshinta,"Saatnya kita berani untuk melawan tindak kekerasan terhadap anak dan wanita. Jika kamu melihat atau mengalaminya, jangan ragu untuk melapor ke SAPA 129!  #ElshintaNewsAndTalk  https://t.co/TdKQXWp6ul",5
257,2022-04-29 18:51:20,bengkellas120,"Ketua Umum Rumah Perempuan dan Anak (RPA) Ai Rahmayanti, mengapresiasi Ketua DPR, Puan Maharani, mengesahkan Rancangan Undang-Undang Tindak Pidana Kekerasan Seksual (RUU TPKS).  https://t.co/6S7pVnWuzf",0
258,2022-04-29 18:50:28,egaskalit,"@Franciscopamz Gw masih bingung sih menanggapi aborsi, karena ada risiko sang anak akan ditelantarkan atau mengalami kekerasan rumah tangga sepanjang hidupnya apabila dipaksakan lahir.",0
259,2022-04-29 18:21:13,syauqialfft,@EXOChanBaek614_ Kdrt ya kekerasan dalam rumah tangga...bisa aja korbannya si anak.  Btw tetap kuat ya,0
260,2022-04-29 18:07:03,marpaung913,@jumianto_RK @ApriliaLin Semua orang bisa berdoa.... Bajingan yang 1 itu menganiaya anak didiknya dengan kekerasan. Iblis pasti mendengar doanya.,0
261,2022-04-29 17:33:21,Kariynaaaa,"Ketua Umum Rumah Perempuan dan Anak (RPA) Ai Rahmayanti, mengapresiasi Ketua DPR, Puan Maharani, mengesahkan Rancangan Undang-Undang Tindak Pidana Kekerasan Seksual (RUU TPKS).  https://t.co/dM56ISJq8v",0
262,2022-04-29 17:30:10,PewartaSatu,"Vonis hukuman mati terhadap Hendi alias Abah Heni (57), pelaku pemerkosaan 10 anak perempuan di Sukabumi, Jawa Barat, diharapkan dapat memberikan efek jera terhadap pelaku dan semua tindakan kekerasan seksual lainnya.¬† -  https://t.co/Ljn6e72C3H",0
263,2022-04-29 15:36:33,idntimes,Lagi-lagi kasus kekerasan seksual pada anak terjadi di Jabar  https://t.co/ln3VCZcxSf,0
264,2022-04-29 14:41:22,abbyiesty,setan. gue beneran benci bgt sama pelaku kekerasan terhadap cewe/anak. ngilangin nyawa 2 manusia = hukuman 2 tahun gitu? ga habis pikir sumpah.,0
265,2022-04-29 14:34:29,ayamdrowning,"@convomf ""hey please tell me he really loves me right"" ü•∫ü•∫ü•∫ü•∫ü•∫üíóüíóüíóüíóüíó tai kuda tenggelem di selat sunda lu tolol udah gak ketolong giliran mak bapa lu yang begini koar koar kdrt kekerasan pada anak ü•∫ü•∫üíîüíîüíîüíî  giliran cowo kaga jelas sujud bae mohon mohon??? Allah maha besar",3
266,2022-04-29 14:34:20,airinlafia,"Lg baca webtoon, isinya tntg kekerasan dan pelecehan pd anak yg dilakuin org tua. Gue k triger, serem bgt anjir, takut ...  Tp webtoonya seru parah",0
267,2022-04-29 14:29:55,coffsslatte,"@virgitaaa_ @shabrinaf_ Silahkan di cek tingkat kasus kekerasan terhadap anak, perempuan, pernikahan di bawah umur apakah sudah rendah?   Feminism ga cuman di pelajari di Indonesia, tapi dunia. Point pembahasan di awal bukan masalah Indonesia butuh feminism atau tidak",0
268,2022-04-29 13:46:20,Christofel_ID,"18. ‚ÄúSebelumnya propaganda kekerasan (di TV pemerintah) bohong tapi itu opsional. Seseorang bisa percaya atau tidak percaya pada anak-anak yang disalibkan,‚Äù kata kolumnis dan penulis Rusia Yulia Latynina pada 26 Februari di Echo of Moscow",0
269,2022-04-29 12:48:25,Hiica8,Trnyta ortu cm stts ya kek yauda ortu gua masih lngkp tpi gua dari kecil gprnh dpt apa itu kasih syg orng tua? Haha yg gua dpt cuma kekerasan dan kewajiban sbgai anak tp gua gprnh dpt hak sbgai anak,1
270,2022-04-29 12:30:27,itnayMaysaT,"@M20892 @prin_theth Btw, ini anak 19th yang ngomong. Dek, jangan pernah mengajari apalagi menyalahkan seorang ibu cara mendidik anaknya. Gw punya anak 3 aja ga berani bilang gini. Kecuali kalau si ibu pakai kekerasan baru mengingatkan.",0
271,2022-04-29 11:04:02,jubidotcom,"LBH Apik mencatat, kasus kekerasan seksual terhadap anak di Papua tertinggi terjadi pada 2021.¬† Selengkapnya di¬† https://t.co/PEmBLtvDTX #koranjubi #JubiTVid #infopapua #tanahpapua #papua #indonesia #PapuanLivesMatter #fellowshipJubi2022  https://t.co/rsx8LNP6p5",5
272,2022-04-29 08:48:01,LHKP_PPMuh,"Suasana buka bersama dan silaturrahmi PP @muhammadiyah di desa Wadas dengan warga yang menjadi korban kekerasan aparat yang memaksa warga setuju pada proyek tambang andesit di Wadas. Acara ini adalah silaturrahmi sesama anak bangsa, saudara muslim.  https://t.co/TaR8oz66i2",8
273,2022-04-29 07:40:28,DewiAstuti2013,"@F_Rahmansyah @botwithlove_ @BXuxloey99 @noturspiritdoll @oryzaxativa @kristian_oka Yang kerja di puskesmas banyak yang baik kok. Saya kerja buat anak yang menjadi korban kekerasan, karena kami sering datang ke puskesmas dan mereka tahu bahwa kami bawa korban yg identitasnya tidak ada mereka biasanya suruh langsung periksa dan tidak minta bayaran sama sekali.",1
274,2022-04-29 07:13:45,IDCorner,Tiga Lembaga Teken Kerja Sama Penuhi Hak Restitusi Anak Korban Kekerasan Seksual -  https://t.co/BXAIPm11zR   #IDCORNER,0
275,2022-04-29 02:43:21,RamdanUjang,"@editya_86 @disfodan Sedikit OOT, tapi patut mendapat perhatian juga. Ada Puteri Indonesia DI Yogyakarta 2022 yang sejak 2014 memperjuangkan NIK bagi anak-anak korban kekerasan seksual.  https://t.co/bC2ZseDIky",21
276,2022-04-29 02:21:41,CahyadiWahyono,LPIKIPI dan UNICEF gelar pelatihan pencegahan kekerasan berbasis gender dan perkawinan anak  https://t.co/eZBOVRwq4g,0
