string_clean,label
cewek jual video syur tangkap cowok laku keras seksual koruptor proses,not urgent
sintas korban coba keras seksual hasil lari aksi bejat laku teman jadi lari laku cerita,urgent
jerat laku keras seksual baca ingat jadi laku korban atur tidak kakak layan pulih miris,not urgent
heran anak diam alami seksual orang tua bilang harmonis tinggal dunia anggap orang tua berhala,not urgent
kampus korban leceh seksual sanksi layan akademik alas anggap salah ajak temu malam lucu korban,not urgent
korban leceh seksual takut,not urgent
teman alami leceh seksual laki tua tua korban berani lapor keluarga laki goda adik olok brutal anjing,urgent
kenal leceh seksual korban alam lapor stasiun kereta tindakan curiga,not urgent
laku leceh seksual omong kunci badan peluk posisi remas payudara panik syok beku,urgent
leceh seksual orang pikir kayak baju buka liat,not urgent
pikir kolot tindak leceh seksual salah korban langsung label korban biasa judgemental lumrah suka,urgent
gender laki perempuan usia nama tindak leceh seksual pantas biadab satu orang korban leceh jahat lontar korban,not urgent
sengaja baca berita leceh seksual kolom berita bilang kayak satu perempuan leceh,not urgent
kena leceh seksual pake baju seragam sekolah longgar,urgent
jadi leceh seksual korban beku berontak isi cewe bela,urgent
ungkap tangkap laku pelecehan seksual temu laku bawa korban salah inap leceh korban,urgent
aku alami leceh seksual elus tangan gambar momen dorong selip tangan ketiak lucu dua keras tiru ucap,urgent
duga leceh seksual pribadi nama klaim leceh seksual verbal non verbal,urgent
asli leceh seksual kantor baca rem ,not urgent
duga leceh seksual kampus universitas cuat mahasiwa elemen geruduk kamis modus korban pijat oknum buka kaki pasang laku naik kaki atas paha mahasiswi,urgent
leceh seksual ayah putri bikin trauma lantas nikah nikah kayak,not urgent
baca leceh seksual alami kakak kantor pergi laku kasih laku celetuk usap putih perut panik,urgent
baca leceh seksual cerita besok korban bunuh arwah laku hidup,urgent
leceh seksual barang bukti gila coli ruang publik bawa privasi laku pidana,not urgent
tuduh laku leceh seksual anak wanita leceh beri alkohol bujuk seks oral saksi latih aktivitas seksual dasar lapor wanita ancam sakit duga leceh,urgent
leceh seksual nampak nampak koar masyarakat gerak putus tali keras seksual orang peduli salah satu,not urgent
duga leceh seksual ngaku ajak cium tidur bareng,urgent
perempuan jaga ajar bela tunduk pandang cegah,not urgent
duga laku leceh seksual tolak maki ancam tolak aku tampar tolak minta tolak salah aja beliau pipi tampar beliau sepele beliau ketawa,urgent
cewe sange coba raba paha maksa lorot resleting celana tindak leceh seksual masyarakat dukung kata homo ,urgent
anjing kena leceh seksual jalan teman cerita habis nongkrong pulang malem segitu ramai jalan malam sepi singkat cerita cowok kontol temen kira kesasar singkat cerita tolak kasih salip coli lihat untung liat teman trauma setelah pernah biadap asli,not urgent
nyaman leceh seksual pikir otak jijik pacar kenal online malam horny telpon kayak coli kayak nyuruh ngedesah ngebayangin remas payudara pikir omongin gimana putusin gimana bilang,urgent
bahas relevansi pakai tutup leceh seksual baca laku salah dalih benar korban leceh seksual salah anggap undang aksi leceh pakai baju seksi jalan malam anggap ban hasil survei perempuan cadar leceh siang,not urgent
nama leceh seksual bangkot pakai kemeja celana ketat kantor bikin mata lapar pastiin ketemu situ harap lepas jadiin punya nang nang keenakaan bawah,urgent
orang simpang seksual kenal apa orang pakai perempuan jamin aman leceh moga lindung,not urgent
kasar serah lampias kasar balik leceh seksual terima,not urgent
teman kena leceh seksual himpun depresi kali,urgent
leceh seksual kantor leceh kampus organisasi bantu kantor tutup mulut moga lekas pulih mental,not urgent
ingat leceh seksual masjid pake mukena noel pantat cewek,urgent
main titit adik tidur lucu gimana nafsu cewek cowok,urgent
leceh kampus anak kepung laku suruh artikel kait leceh seksual,not urgent
leceh seksual objek lihat ,not urgent
ajar tahan nafsu seksual tindak masturbasi leceh seksual salur nafsu seksual tutup,urgent
patut waspada jenis leceh seksual dunia maya,not urgent
cerita perkosa leceh seksual,urgent
romantis leceh seksual,not urgent
leceh seksual salah guna laku tanggung minimal tindak pidana tegak bikin angan bodoh ,not urgent
kayak perintah peran cegah keras leceh seksual nyata perempuan,not urgent
anggap leceh normal leceh seksual sadar spontan putus setuju pilih laku leceh terima konsekuensi buat,not urgent
laku jahat judge korban beku istilah takut gerak korban leceh alami korban lawan,not urgent
manusia kapok hukum muka identitas korban kenal trauma umur hidup leceh laku trauma sanksi,not urgent
korban leceh seksual bukti,urgent
kasih memek susah korban cowok laku cewek sayang sakit dengar cerita leceh korban ,urgent
korban leceh salah korban pake baju mini salah gabisa nahan nafsu buli,urgent
contoh orang leceh salah baju korban,urgent
korban leceh teriak guna sekitar boro tolong laku aja seret gerbong bawa,not urgent
perempuan bicara leceh seksual alam korban cerita embel siapa alas takut salah malu,urgent
tahan bentar habis kasar rumah pikir bikin korban leceh salah korban,urgent
spontan korban moga anak kena leceh miris kasus,not urgent
temu cerita dapat kayak normalisasi korban leceh nikah ganteng nikah trauma ketemu laku,not urgent
habis pikir kayak trauma leceh seksual tahun logis korban nikah laku interaksi takut susah iya minor bebal kasih,not urgent
hukum maaf ngomong bayang posisi korban leceh seksual laku spontan korban,not urgent
pamer titit gara celana bolong moga korban leceh gara cowok masuk toilet cewek,urgent
leceh kali laku anggap korban tidak tahu korban asa lingkungan dukung cemooh moga korban,not urgent
cari sensasi jangan berani main adil minor korban leceh cewek sadar betapa rentan  leceh main adil dunia,not urgent
luar trauma korban leceh bisa jadi,not urgent
bela korban leceh kolega bebas malam kamar hotel ketuk oknum istri ajak bincang sangka oknum kondisi mabuk serang ingat parah maksa buka baju cium pokok parah tendang untung hasil lolos jadi senang bicara leceh sakit untung badan besar jago bela kurus tipe cewek perkosa malam sambung,urgent
wanita duga culik leceh berangkat kerja laku kakak laku langsung todong pisau korban suruh masuk mobil terang korban mobil sangka ancam pisau korban buka baju pakai dalam todong pisau korban laku tindak asusila korban akibat buat laku korban berat lapor jadi damai,urgent
wanita duga culik leceh berangkat kerja laku kakak,urgent
iya sahabat wanita leceh perkosa bunuh nama percaya cerita,urgent
wanita toilet pria jamin leceh tampil resah laki lepas agama benar tidak,urgent
serba wanita lupa pria sentimental paham kasus otomatis diam mereka leceh trauma manusia,not urgent
maaf nimbrung tambah ruang publik lantas orang milik teman tetap leceh wanita salah,not urgent
dangkal gimana wanita buli leceh manfaat tipu digital perempuan kuat daya,not urgent
sangkal nyata perempuan peluang leceh pakai syar bicara tanggung,not urgent
pakai pakaian tebal sopan jamin wanita leceh,not urgent
coba warga bau wanita dayak lapor polisi leceh tanggap tunggu,not urgent
tuju statement bilang tutup aurat kasih contoh tutup aurat leceh simpul pakai tolak ukur laki leceh wanita,not urgent
parah pakai cat calling leceh verbal tanggap wanita tutup aurat,not urgent
otak kontrol buat wanita hijab leceh udah pakai,not urgent
iya jadi wanita pakai syar kena keras seksual syariat tutup aurat hilang perempuan buka aurat ,not urgent
cerita viral wanita leceh terminal ,urgent
cerita viral wanita leceh terminal tolong pegawai edukasi sexual harassment jadi damai cuman pakai kacamata hitam duduk pohon trauma transportasi papar makelar pakai baju merah sengaja injak kaki refleks peluk bilang pegang teriak pegawai diam kaget takut cuman kasih jari,urgent
adab mungkin maaf manusia biadab kasar lihat wanita leceh,not urgent
bikin korban wanita benar pukul leceh susah takut orang percaya korban,urgent
ranah perkosa milik maju prasyarat maju mesir ekonomi syok leceh seksual,urgent
ranah perkosa milik maju prasyarat maju mesir ekonomi syok leceh seksual gila wanita leceh,urgent
jarang pria leceh wanita perkosa respon masyarakat cenderung timbul trauma rata pria mesum,urgent
miris wanita leceh media sosial pria rangsang foto main sepak tanda klub posting malu,urgent
lgbt seks normal leceh silah jalur hukum normal leceh orang kaum wanita,not urgent
lindung hak wanita tolak agama hak wanita kebiri tidak bisa rumah leceh perkosa tetap wanita salah didik batas tampil atur kain hitam ujung minat,urgent
leceh korban banyak kaum hitung pakai jari lapor leceh wanita tunjuk nenen suruh grepe,urgent
parah pukul badan adu sebab wanita lebam sakit badan,urgent
sabuk hitam pukul henti gerak atensi wanita kulit putih alih dasar guna pergi roti pukul,urgent
unggul sexist bidang serang seksual pukul malu orang buat tawa wanita perkosa,urgent
dilema wanita model sering kali playing victim pegang sentuh teriak pukul aniaya leceh seksual sengaja korban sentuh laku salah macam biasa kelompok,urgent
ikut sifat laki pakai mesum korban teman lembut cewe sumpah mati pukul wanita,urgent
tegur anak keras benar mati layak slepet sendal ulah,not urgent
mesti tunggu buang panti fakta anak keras abai nafkah,not urgent
shaming label anak penasaran seks tabu baik kasih paham risiko aktivitas seksual bahaya hamil keras seksual represi bahaya,urgent
bingung tanggap aborsi risiko anak telantar alami keras rumah tangga hidup paksa lahir,not urgent
vonis hukum mati laku perkosa anak perempuan harap efek jera laku tindak keras seksual,urgent
keras seksual anak,urgent
benar sekali benci laku keras hilang nyawa manusia hukum habis pikir,urgent
silah cek tingkat keras anak perempuan nikah umur rendah feminism cuman ajar indonesia dunia bahas butuh,not urgent
